<?xml version="1.0" encoding="UTF-8"?>
<project-private xmlns="http://www.netbeans.org/ns/project-private/1">
    <editor-bookmarks xmlns="http://www.netbeans.org/ns/editor-bookmarks/2" lastBookmarkId="0"/>
    <open-files xmlns="http://www.netbeans.org/ns/projectui-open-files/2">
        <group name="Group 9">
            <file>file:/C:/Users/Admin/Documents/NetBeansProjects/Hotel_System/src/hotel_system/ManageRoomsForm.java</file>
            <file>file:/C:/Users/Admin/Documents/NetBeansProjects/Hotel_System/src/hotel_system/ManageClientsForm.java</file>
            <file>file:/C:/Users/Admin/Documents/NetBeansProjects/Hotel_System/src/hotel_system/RESERVATIONS.java</file>
            <file>file:/C:/Users/Admin/Documents/NetBeansProjects/Hotel_System/src/hotel_system/ManageReservationsForm.java</file>
            <file>file:/C:/Users/Admin/Documents/NetBeansProjects/Hotel_System/src/hotel_system/CLIENTS.java</file>
            <file>file:/C:/Users/Admin/Documents/NetBeansProjects/Hotel_System/src/hotel_system/ROOMS.java</file>
            <file>file:/C:/Users/Admin/Documents/NetBeansProjects/Hotel_System/src/hotel_system/MY_CONNECTION.java</file>
        </group>
    </open-files>
</project-private>
